condition,growth_rate
glucose_aerobic,0.8444850706131064
glucose_low_o2,0.38111518544032524
maltose_aerobic,1.0849408915392083
